category,count
Nightlife,247762
Bars,234812
American (Traditional),157952
American (New),156821
Breakfast & Brunch,130938
Sandwiches,105273
Seafood,87171
Event Planning & Services,79017
Pizza,72327
Coffee & Tea,70249
Italian,69158
Burgers,67987
Mexican,67412
Shopping,62159
Arts & Entertainment,53924
Cocktail Bars,52625
Salad,52527
Desserts,50130
Cafes,44870
Specialty Food,43817
Beer,38798
Wine & Spirits,38798
Pubs,37884
Sushi Bars,37140
Steakhouses,36796
Bakeries,36090
Japanese,35874
Chinese,35738
Beauty & Spas,34584
Caterers,33910
Fast Food,32744
Asian Fusion,32523
Wine Bars,32283
Hotels & Travel,32017
Sports Bars,31118
Barbeque,30099
Vegetarian,30051
Venues & Event Spaces,29931
Cajun/Creole,29806
Southern,29142
Diners,27371
Active Life,26714
Ice Cream & Frozen Yogurt,25110
Chicken Wings,24768
Local Flavor,22203
Delis,21976
Grocery,21762
Mediterranean,21740
Automotive,21695
Lounges,21601
Gastropubs,20277
Gluten-Free,20239
Beer Bar,20175
Breweries,19930
Thai,19489
Vegan,18942
Music Venues,18826
Local Services,17957
Soup,17766
Comfort Food,17711
Juice Bars & Smoothies,17499
Hotels,17081
Home Services,16568
Fashion,16223
Health & Medical,16182
Vietnamese,15950
French,14725
Nail Salons,14560
Latin American,14111
Tapas/Small Plates,13143
Home & Garden,12914
Tacos,12889
Tex-Mex,12527
Indian,11869
Greek,11850
Ethnic Food,11491
Auto Repair,11453
Hair Removal,10938
Middle Eastern,10892
Hair Salons,10528
Korean,9911
Noodles,9445
Food Trucks,9159
Donuts,9091
Soul Food,8921
Cheesesteaks,8821
Food Delivery Services,8797
Buffets,8785
Bagels,8761
Waxing,8277
Day Spas,8254
Pets,8072
Hot Dogs,8016
Chicken Shop,7929
Dive Bars,7885
Skin Care,7871
Department Stores,7165
Tapas Bars,7014
Caribbean,6925
Fitness & Instruction,6785
Tours,6674
Massage,6575
Parks,6569
Cinema,6454
Bubble Tea,6451
Museums,6322
Spanish,6175
Car Dealers,6128
Flowers & Gifts,5989
Auto Parts & Supplies,5742
Cuban,5728
Ramen,5695
Party & Event Planning,5469
Health Markets,5375
Public Services & Government,5311
Pet Services,5115
Tires,5057
Beer Gardens,4913
Oil Change Stations,4882
Farmers Market,4811
Meat Shops,4805
Women's Clothing,4794
Professional Services,4648
Food Stands,4624
Wineries,4620
Fruits & Veggies,4615
Dance Clubs,4563
Dim Sum,4558
Drugstores,4542
Sporting Goods,4536
Irish,4479
Electronics,4465
Seafood Markets,4426
Shopping Centers,4332
Doctors,4326
Brewpubs,4287
Gyms,4272
Home Decor,4187
Chocolatiers & Shops,4159
Pakistani,4159
Jazz & Blues,4150
Furniture Stores,4113
Education,4092
Convenience Stores,4077
Eyelash Service,3972
Halal,3914
Arts & Crafts,3907
Coffee Roasteries,3895
Gelato,3751
Performing Arts,3731
Cosmetics & Beauty Supply,3686
German,3677
Cupcakes,3620
Hawaiian,3585
Transportation,3534
Real Estate,3501
Mags,3449
Music & Video,3449
Books,3449
Art Galleries,3429
Veterinarians,3332
Modern European,3325
Landmarks & Historical Buildings,3311
Men's Clothing,3258
Nurseries & Gardening,3215
Pet Groomers,3150
Trainers,3144
Cheese Shops,3140
Candy Stores,3040
Creperies,3014
Szechuan,2990
Accessories,2986
Wraps,2963
Arcades,2943
Appliances,2943
Jewelry,2919
Casinos,2916
Live/Raw Food,2836
Barbers,2836
Poke,2772
Car Wash,2744
Hair Stylists,2701
Fish & Chips,2680
Massage Therapy,2659
IT Services & Computer Repair,2632
Organic Stores,2624
British,2620
Brazilian,2607
Street Vendors,2580
Irish Pub,2576
Pet Stores,2571
Pet Sitting,2553
Makeup Artists,2550
Mobile Phones,2542
Karaoke,2540
Florists,2530
Body Shops,2529
Used,2521
Vintage & Consignment,2521
Shoe Stores,2508
Auto Detailing,2479
Food Court,2478
Smokehouse,2476
Brasseries,2453
Dentists,2452
Resorts,2438
Pasta Shops,2434
Acai Bowls,2409
Tea Rooms,2394
Airports,2370
Gift Shops,2368
New Mexican Cuisine,2349
Yoga,2337
Butcher,2314
Contractors,2277
Canadian (New),2252
Whiskey Bars,2243
Bookstores,2167
Discount Store,2148
Car Rental,2136
Amusement Parks,2105
Festivals,2076
Medical Centers,2061
Hardware Stores,2045
General Dentistry,2005
Wedding Planning,1951
Wine Tasting Room,1938
Cantonese,1935
Specialty Schools,1894
Bowling,1871
Apartments,1867
Pan Asian,1830
Shaved Ice,1822
Community Service/Non-Profit,1813
Custom Cakes,1807
Mattresses,1800
Gas Stations,1798
Stadiums & Arenas,1771
Tobacco Shops,1755
Plumbing,1752
Patisserie/Cake Shop,1747
Cosmetic Dentists,1728
Heating & Air Conditioning/HVAC,1723
Waffles,1716
International Grocery,1691
Taiwanese,1680
Wholesale Stores,1661
Building Supplies,1649
Thrift Stores,1618
Lebanese,1618
Tanning,1584
Kitchen & Bath,1566
Falafel,1558
Distilleries,1553
Botanical Gardens,1533
Men's Hair Salons,1532
Computers,1529
Hair Extensions,1508
Kosher,1503
Peruvian,1483
Tiki Bars,1438
Turkish,1435
Hot Pot,1434
Eyewear & Opticians,1418
Kebab,1413
Historical Tours,1412
Movers,1411
Optometrists,1399
Financial Services,1397
Appliances & Repair,1393
Zoos,1388
Blow Dry/Out Services,1374
Bikes,1362
Laundry Services,1357
Hospitals,1357
Dry Cleaning & Laundry,1349
Public Markets,1347
Internet Cafes,1327
Auto Glass Services,1323
Basque,1308
Bridal,1297
Medical Spas,1295
Beaches,1294
Shipping Centers,1291
Sports Wear,1266
Ethiopian,1257
Laotian,1254
Toy Stores,1253
Imported Food,1248
Antiques,1241
Art Museums,1231
Belgian,1228
Golf,1227
Sewing & Alterations,1225
Hiking,1223
Nail Technicians,1213
Eyebrow Services,1196
Used Car Dealers,1184
Printing Services,1173
Bed & Breakfast,1164
Filipino,1149
Dinner Theater,1148
Mobile Phone Repair,1142
Tattoo,1140
Gay Bars,1124
Reflexology,1099
Boating,1098
Sports Clubs,1097
Shanghainese,1086
Pet Training,1077
Parking,1073
Urgent Care,1068
Pool Halls,1065
Water Heater Installation/Repair,1053
Malaysian,1045
Adult Entertainment,1042
Comedy Clubs,1037
Kids Activities,1035
African,1031
Home Cleaning,1019
Electronics Repair,1012
Pharmacy,1011
Hobby Shops,1004
Permanent Makeup,1001
Music & DVDs,996
Outdoor Gear,994
Hookah Bars,983
Playgrounds,960
Bike Rentals,951
Laser Hair Removal,921
Argentine,909
Bike Repair/Maintenance,880
Piano Bars,861
Landscaping,861
Recreation Centers,858
Spray Tanning,850
Self Storage,839
Piercing,837
Art Supplies,837
Children's Clothing,834
Iberian,834
Religious Organizations,826
Oral Surgeons,824
Airlines,817
Pretzels,806
Dog Parks,806
Pet Boarding,805
Cards & Stationery,796
Public Transportation,792
Travel Services,785
Internet Service Providers,780
Interior Design,779
Macarons,757
Moroccan,743
Wheel & Rim Repair,742
Aquariums,741
Orthodontists,737
Notaries,730
Walking Tours,730
Empanadas,725
Towing,722
Teppanyaki,720
Airport Shuttles,717
Family Practice,706
Social Clubs,699
Transmission Repair,697
Persian/Iranian,695
Chiropractors,675
Property Management,670
Vinyl Records,665
Outlet Stores,659
Escape Games,656
Photography Stores & Services,652
Carpet Cleaning,650
Real Estate Services,649
Acupuncture,648
Windshield Installation & Repair,644
Izakaya,644
Swimming Pools,638
Mongolian,635
Diagnostic Services,634
Guns & Ammo,632
Art Classes,626
Smog Check Stations,625
Keys & Locksmiths,622
Pediatric Dentists,622
Endodontists,618
Mobile Phone Accessories,610
Eatertainment,609
Souvenir Shops,607
Office Equipment,602
Pop-Up Restaurants,598
Couriers & Delivery Services,598
Farms,590
Pilates,590
Post Offices,586
Flooring,583
Personal Chefs,581
Fondue,581
Do-It-Yourself Food,581
Nutritionists,580
Party Supplies,580
Watches,577
Israeli,575
Jewelry Repair,570
Taxis,569
Packing Services,563
Junk Removal & Hauling,563
Pet Adoption,558
Ophthalmologists,557
Physical Therapy,556
Vitamins & Supplements,556
Pest Control,552
Boat Charters,548
Team Building Activities,547
Banks & Credit Unions,546
Cooking Classes,543
Electricians,542
Gun/Rifle Ranges,534
Puerto Rican,534
Threading Services,526
Skating Rinks,525
Dry Cleaning,522
Head Shops,521
Windows Installation,517
Boot Camps,514
Boat Tours,511
Arabic,509
Colombian,506
Salvadoran,504
Videos & Video Game Rental,504
Shoe Repair,502
Car Stereo Installation,501
Venezuelan,498
Scandinavian,497
Television Service Providers,494
Beverage Store,491
Wine Tours,490
Carpeting,484
Weight Loss Centers,475
Churches,473
Lighting Fixtures & Equipment,473
Professional Sports Teams,472
Air Duct Cleaning,470
Office Cleaning,467
Limos,460
Fishing,456
Afghan,456
Watch Repair,456
Periodontists,455
Comic Books,455
Paint & Sip,452
Telecommunications,452
Russian,449
Obstetricians & Gynecologists,445
Personal Shopping,445
Animal Shelters,445
Colleges & Universities,445
Vape Shops,443
Car Window Tinting,439
Cambodian,435
Speakeasies,435
Shared Office Spaces,433
Baby Gear & Furniture,431
Cycling Classes,424
Child Care & Day Care,423
Mini Golf,422
Summer Camps,421
Mailbox Centers,420
Photographers,418
Formal Wear,416
Herbs & Spices,414
Polish,412
Departments of Motor Vehicles,411
Damage Restoration,410
Costumes,409
Mass Media,406
Beer Tours,406
Auto Loan Providers,405
Amateur Sports Teams,405
Children's Museums,404
Indonesian,402
Cooking Schools,398
Musical Instruments & Teachers,397
Insurance,396
Tree Services,395
Trampoline Parks,389
Armenian,387
Garage Door Services,384
Flea Markets,383
Himalayan/Nepalese,382
Dog Walkers,379
Security Systems,379
Libraries,379
Dermatologists,377
Portuguese,376
Real Estate Agents,372
Champagne Bars,370
Cultural Center,367
Cafeteria,363
Barre Classes,361
Preschools,355
Bistros,355
Cannabis Clinics,353
Laboratory Testing,353
Traditional Chinese Medicine,352
Challenge Courses,350
Outdoor Furniture Stores,349
Auto Customization,349
Hong Kong Style Cafe,348
Floral Designers,348
Motorcycle Dealers,344
Rafting/Kayaking,334
Syrian,333
Yelp Events,331
Internal Medicine,328
Pick Your Own Farms,326
Painters,325
Cosmetic Surgeons,325
Tennis,325
Gardeners,317
Singaporean,316
Interval Training Gyms,313
Fabric Stores,313
Supernatural Readings,312
Tabletop Games,307
Adult Education,306
Lingerie,304
Used Bookstore,302
Shades & Blinds,302
Kombucha,301
Paddleboarding,300
Emergency Rooms,298
Cideries,297
Sports Medicine,295
Roofing,293
Packing Supplies,292
Laser Eye Surgery/Lasik,292
Climbing,289
Art Schools,287
Tiling,287
Candle Stores,285
Home Window Tinting,284
Baseball Fields,283
Diagnostic Imaging,282
Mortgage Brokers,279
Orthopedists,279
Musicians,277
Train Stations,275
Handyman,273
Vacation Rentals,272
Tuscan,271
Recycling Center,270
Door Sales/Installation,270
Water Parks,268
Haunted Houses,266
Glass & Mirrors,265
Motorcycle Repair,264
Cosmetology Schools,264
Signmaking,258
Home Inspectors,258
Cardio Classes,257
Spiritual Shop,257
Dominican,256
Graphic Design,255
Ethnic Grocery,255
Emergency Pet Hospital,255
Bus Tours,252
Data Recovery,251
Elementary Schools,250
Country Clubs,249
Leather Goods,248
Donation Center,248
Rugs,247
Educational Services,247
Window Washing,242
Pediatricians,242
Walk-in Clinics,241
Gutter Services,239
Cannabis Dispensaries,238
Martial Arts,237
Medical Supplies,236
Laundromat,234
Knitting Supplies,233
Reiki,232
Framing,231
Truck Rental,230
Lawn Services,229
Counseling & Mental Health,229
Food Tours,225
Home Organization,225
Tanning Beds,224
Party Equipment Rentals,224
Go Karts,222
Race Tracks,222
Session Photography,221
Water Purification Services,220
Burmese,218
Lawyers,218
Hunting & Fishing Supplies,218
Golf Lessons,217
Day Camps,214
Car Buyers,213
Pressure Washers,212
Party Bus Rentals,209
Home Theatre Installation,209
CSA,208
Indoor Playcentre,207
Scottish,205
RV Dealers,204
Utilities,204
Bespoke Clothing,203
Adult,203
Naturopathic/Holistic,203
Laser Tag,203
Axe Throwing,203
Funeral Services & Cemeteries,201
RV Parks,201
Wholesalers,200
RV Repair,199
Campgrounds,199
Wigs,198
Australian,198
Furniture Reupholstery,196
Teeth Whitening,194
Masonry/Concrete,192
Perfume,192
Swimwear,191
Dance Studios,190
Event Photography,186
Poutineries,184
Bar Crawl,184
Financial Advising,182
Tax Services,182
Delicatessen,182
Planetarium,182
Japanese Curry,178
Siding,177
Landscape Architects,177
Musical Instrument Services,176
Egyptian,176
Leisure Centers,174
Ticket Sales,174
Swimming Lessons/Schools,174
Propane,171
Tattoo Removal,170
Motorcycle Gear,169
Grout Services,168
Bartenders,168
Themed Cafes,167
Popcorn Shops,167
Meditation Centers,166
Roadside Assistance,166
Plus Size Fashion,166
Ukrainian,166
Fitness/Exercise Equipment,164
Battery Stores,163
Pool & Hot Tub Service,163
Hot Tub & Pool,163
Irrigation,163
Rehabilitation Center,163
Paint Stores,160
Sicilian,159
Body Contouring,159
Tasting Classes,159
Septic Services,159
Boxing,156
Insulation Installation,154
University Housing,154
Christmas Trees,154
Kitchen Supplies,154
Fences & Gates,153
Sugaring,152
Bangladeshi,152
Uzbek,150
RV Rental,150
Cigar Bars,150
Horseback Riding,149
Auto Security,149
Newspapers & Magazines,146
Firearm Training,146
Estheticians,145
Gold Buyers,144
Art Tours,143
Screen Printing,143
Saunas,139
Hats,139
Hostels,139
Pumpkin Patches,139
Olive Oil,138
Float Spa,138
Brewing Supplies,137
Horse Racing,135
Cabinetry,135
Mountain Biking,134
Carpet Installation,133
Print Media,133
Video Game Stores,132
Marketing,130
Auto Insurance,130
Investing,130
Employment Agencies,129
International,129
Registration Services,128
Cabaret,128
Pool Cleaners,127
Guest Houses,127
Commercial Real Estate,122
Snow Removal,119
Henna Artists,119
Holiday Decorations,118
Hydro-jetting,118
Airport Lounges,118
Tui Na,118
Surgeons,117
Donairs,115
Strip Clubs,113
Airport Terminals,113
Buddhist Temples,110
Cardiologists,110
Refinishing Services,110
Life Coach,110
DJs,109
Pet Hospice,109
Vehicle Wraps,108
Guitar Stores,108
Customized Merchandise,108
Mortgage Lenders,108
Web Design,108
Radio Stations,107
Community Centers,106
Shutters,106
Unofficial Yelp Events,106
Pancakes,105
Pop-up Shops,105
Home Health Care,105
Countertop Installation,105
Honduran,105
Conveyor Belt Sushi,104
Solar Installation,103
Shaved Snow,101
Screen Printing/T-Shirt Printing,101
Lakes,101
Wildlife Control,100
Special Education,100
Ski Resorts,100
Furniture Assembly,99
Pain Management,97
Pool & Billiards,97
Paint-Your-Own Pottery,96
Home Automation,96
Wedding Chapels,96
Auction Houses,95
Podiatrists,95
Trinidadian,94
Halotherapy,94
Clothing Rental,94
Rock Climbing,93
Disc Golf,93
Dance Schools,93
Orthotics,93
Gunsmith,92
Pet Cremation Services,91
Appraisal Services,91
Drywall Installation & Repair,90
Drive-In Theater,89
Home & Rental Insurance,88
Restaurant Supplies,88
Kids Hair Salons,88
Embroidery & Crochet,88
Bike tours,87
Fireplace Services,86
Ear Nose & Throat,86
Visitor Centers,86
Recording & Rehearsal Studios,85
Shoe Shine,85
Neurologist,85
South African,84
Drive-Thru Bars,82
Photo Booth Rentals,81
Life Insurance,80
Health Retreats,80
Boat Repair,80
Aquarium Services,79
Ziplining,79
Acne Treatment,79
Luggage,78
Vocational & Technical School,78
Serbo Croatian,78
Sunglasses,77
Pawn Shops,77
Psychics,76
Attraction Farms,76
Maternity Wear,75
Diving,74
Nicaraguan,74
Hypnosis/Hypnotherapy,74
Chimney Sweeps,73
Car Inspectors,73
Wine Tasting Classes,72
Boat Dealers,72
Races & Competitions,72
Ski & Snowboard Shops,71
Kickboxing,71
Radiologists,71
Generator Installation/Repair,70
Gymnastics,69
Local Fish Stores,69
Commercial Truck Dealers,68
Religious Items,68
Golf Equipment,68
TV Mounting,68
Uniforms,67
Archery,67
Herbal Shops,66
Excavation Services,66
Personal Injury Law,66
Public Art,65
Occupational Therapy,65
Alternative Medicine,65
Mobile Dent Repair,65
Plastic Surgeons,64
Auto Upholstery,63
Czech,63
Bocce Ball,62
Surfing,61
Knife Sharpening,61
Buses,61
Dumpster Rental,60
Jet Skis,60
Party Bike Rentals,60
Personal Assistants,59
Safe Stores,59
Oncologist,59
Surf Shop,58
Home Network Installation,58
Soccer,58
Advertising,58
Psychologists,58
IV Hydration,57
Gemstones & Minerals,57
Commercial Truck Repair,57
Medical Transportation,56
Stucco Services,55
Magicians,54
Hungarian,54
Allergists,53
Midwives,52
Waterproofing,52
Videographers,52
Trailer Dealers,51
Decks & Railing,51
Meaderies,50
Town Car Service,49
Tutoring Centers,49
Whale Watching Tours,49
Batting Cages,49
Legal Services,49
Grilling Equipment,49
Accountants,49
Divorce & Family Law,48
Courthouses,48
Sardinian,48
Metal Fabricators,48
Honey,47
Haitian,47
Blood & Plasma Donation Centers,47
Driving Schools,47
Balloon Services,47
Skate Shops,46
Retirement Homes,46
Ethical Grocery,46
Car Share Services,46
Environmental Testing,46
Prenatal/Perinatal Care,46
Shredding Services,46
Country Dance Halls,46
Carpenters,46
Piano Services,45
Furniture Repair,45
Livestock Feed & Supply,44
Farming Equipment,44
Hair Loss Centers,44
Observatories,44
Skate Parks,43
Water Delivery,43
Circuit Training Gyms,42
Austrian,42
Fertility,42
LAN Centers,42
Prosthodontists,42
Farm Equipment Repair,41
Private Tutors,41
Fingerprinting,40
Officiants,40
Business Consulting,40
Skiing,40
General Litigation,39
Demolition Services,39
Service Stations,39
Television Stations,38
Rolfing,38
Motorcycle Parts & Supplies,38
Dental Hygienists,38
Brazilian Jiu-jitsu,38
Virtual Reality Centers,37
Medical Cannabis Referrals,37
Marinas,37
Pet Waste Removal,37
Psychiatrists,36
Middle Schools & High Schools,36
Kitchen Incubators,36
Check Cashing/Pay-day Loans,35
Audiologist,35
Pet Insurance,35
Trailer Repair,35
Bankruptcy Law,35
Home Staging,35
Aerial Fitness,34
Lighting Stores,34
Flight Instruction,34
Scuba Diving,34
Cryotherapy,34
Security Services,34
Skydiving,33
Pet Photography,33
Hospice,33
DUI Law,33
Architectural Tours,32
Beer Hall,32
Criminal Defense Law,32
Patio Coverings,32
Estate Planning Law,32
Concierge Medicine,32
Vehicle Shipping,31
Paintball,31
Bird Shops,31
Sleep Specialists,30
Police Departments,29
Clock Repair,29
Psychic Mediums,29
Engraving,29
Video/Film Production,29
Motorcycle Rental,28
Holistic Animal Care,28
Mobility Equipment Sales & Services,28
Trivia Hosts,28
Spine Surgeons,27
Scooter Rentals,27
Opera & Ballet,27
Fire Protection Services,27
Pole Dancing Classes,27
Trusts,27
Wills,27
Hockey Equipment,27
Passport & Visa Services,27
& Probates,27
Motorsport Vehicle Dealers,27
Calabrian,26
Nurse Practitioner,26
Travel Agents,26
Condominiums,26
Club Crawl,26
Workers Compensation Law,26
Pickleball,26
Petting Zoos,25
Massage Schools,25
Hearing Aid Providers,25
Emergency Medicine,25
Career Counseling,25
Gastroenterologist,25
Striptease Dancers,25
Dietitians,24
Architects,24
Glass Blowing,24
Home Energy Auditors,24
Somali,24
Beach Equipment Rentals,24
Coffeeshops,24
Tableware,24
Parenting Classes,24
Trailer Rental,23
Real Estate Photography,23
Face Painting,23
Sports Betting,23
Tubing,23
Parasailing,23
Childbirth Education,23
Holiday Decorating Services,23
Motorsport Vehicle Repairs,23
Business Financing,22
Synagogues,22
Chinese Martial Arts,22
Well Drilling,22
Reptile Shops,22
Foundation Repair,22
Pet Transportation,22
Astrologers,22
Roof Inspectors,22
Ultrasound Imaging Centers,21
Endocrinologists,21
Tai Chi,21
Photography Classes,20
Aestheticians,20
Osteopathic Physicians,20
Firewood,20
Valet Services,19
Hotel bar,19
Kiosk,19
Employment Law,19
Skilled Nursing,19
Cannabis Collective,19
Carousels,18
Wallpapering,18
Horse Boarding,18
Health Coach,17
Cheese Tasting Classes,17
Taxidermy,17
Nanny Services,17
Food Banks,17
Party Characters,17
Outdoor Power Equipment Services,17
Awnings,17
Title Loans,17
Audio/Visual Equipment Rental,17
Self-defense Classes,17
Private Investigation,16
Environmental Abatement,16
Estate Liquidation,16
Lactation Services,16
Urologists,16
Embassy,16
Georgian,16
Diamond Buyers,16
Colonics,16
Health Insurance Offices,16
Basketball Courts,15
Hydroponics,15
Animal Physical Therapy,15
Pet Breeders,15
Surf Schools,15
Real Estate Law,15
Ayurveda,14
Art Space Rentals,14
Reproductive Health Services,14
Golf Equipment Shops,14
Installment Loans,14
Traffic Ticketing Law,14
Bookbinding,14
Boudoir Photography,14
Mobile Home Repair,14
Powder Coating,13
Home Developers,13
Digitizing Services,13
Addiction Medicine,13
Oriental,13
Teacher Supplies,13
Personal Care Services,13
Racing Experience,13
Structural Engineers,13
Trophy Shops,13
Cucina campana,13
Clowns,13
Scavenger Hunts,12
Hainan,12
Aerial Tours,12
Pulmonologist,12
Trains,12
CPR Classes,12
Parent Cafes,12
Speech Therapists,12
Sledding,12
Hydrotherapy,12
Bus Rental,12
Talent Agencies,12
Music Production Services,11
Translation Services,11
Rest Stops,11
Osteopaths,11
Muay Thai,11
Test Preparation,11
Assisted Living Facilities,11
Bike Repair,11
Business Law,11
Bicycles,11
Anesthesiologists,11
Crane Services,11
Preventive Medicine,11
Dance Wear,10
Roman,10
Dumplings,10
High Fidelity Audio Equipment,10
Airsoft,10
Scooter Tours,10
Municipality,10
Behavior Analysts,10
Flowers,10
Sri Lankan,10
Traditional Clothing,9
Bounce House Rentals,9
Senegalese,9
Vascular Medicine,9
General Festivals,9
Commissioned Artists,9
Editorial Services,9
Immigration Law,9
Retina Specialists,8
Artificial Turf,8
Art Restoration,8
Sauna Installation & Repair,8
Bartending Schools,8
Spin Classes,8
Language Schools,8
Rodeo,8
Wildlife Hunting Ranges,8
Religious Schools,8
Tax Law,8
Pedicabs,8
Vermouth Bars,8
Qi Gong,8
Payroll Services,7
Karate,7
Grill Services,7
Community Gardens,7
Prosthetics,7
Homeowner Association,7
Billing Services,7
Piano Stores,7
House Sitters,7
Fireworks,7
Doulas,7
Car Auctions,7
Montessori Schools,6
Hindu Temples,6
Sport Equipment Hire,6
Bookkeepers,6
Solar Panel Cleaning,6
Vacation Rental Agents,6
Snorkeling,6
Carpet Dyeing,6
Safety Equipment,6
Drama Schools,6
Memory Care,5
Matchmakers,5
Parklets,5
Furniture Rental,5
Sailing,5
Nudist,5
Placenta Encapsulations,5
Software Development,5
Mobile Home Dealers,5
Private Schools,5
Oxygen Bars,5
Machine & Tool Rental,5
Hot Air Balloons,5
EV Charging Stations,5
Indoor Landscaping,5
Social Security Law,5
Cremation Services,5
Childproofing,4
Machine Shops,4
ATV Rentals/Tours,4
Medical Law,4
Traffic Schools,4
Process Servers,4
Car Brokers,4
Water Stores,4
Hybrid Car Repair,4
Disability Law,4
Nephrologists,4
Product Design,4
Taekwondo,4
Bus Stations,4
Private Jet Charter,4
Military Surplus,4
Hospitalists,4
Badminton,4
Jails & Prisons,4
Dialysis Clinics,4
Mortuary Services,4
DIY Auto Shop,4
Rheumatologists,4
Hazardous Waste Disposal,4
Boat Parts & Supplies,4
Dive Shops,4
3D Printing,3
Bike Sharing,3
Junkyards,3
Fire Departments,3
Public Relations,3
Debt Relief Services,3
Outdoor Movies,3
Otologists,3
Dart Arenas,3
Fur Clothing,3
Adoption Services,3
Bingo Halls,3
Game Truck Rental,3
Backflow Services,3
Fuzhou,3
Experiences,3
Lice Services,2
Kiteboarding,2
Supper Clubs,2
Animal Assisted Therapy,2
Concept Shops,2
Horse Equipment Shops,2
Eastern European,2
Housing Cooperatives,2
Fuel Docks,2
Sex Therapists,2
Infectious Disease Specialists,2
Sports Psychologists,2
Mediators,2
Free Diving,2
Phlebologists,2
Elevator Services,1
First Aid Classes,1
Golf Cart Rentals,1
Electricity Suppliers,1
Vocal Coach,1
Golf Cart Dealers,1
Land Surveying,1
Senior Centers,1
Drones,1
Immunodermatologists,1
Caricatures,1
Public Adjusters,1
Squash,1
Guamanian,1
Mobile Home Parks,1
Biohazard Cleanup,1
Cheerleading,1
Trade Fairs,1
Duplication Services,1
Apartment Agents,1
Ranches,1
